[
{
    "model": "accounts.user",
    "pk": 1,
    "fields": {
        "password": "pbkdf2_sha256$260000$Gr6CyUvITpwoDrc9EOel7g$PZeTWVm7Hz+C30WJWWXEhkHh7lezVYvM2Xcs6tN4FpI=",
        "last_login": null,
        "is_superuser": false,
        "username": "hyein",
        "first_name": "",
        "last_name": "",
        "email": "",
        "is_staff": false,
        "is_active": true,
        "date_joined": "2021-05-25T14:50:36.360Z",
        "profile_img": "media/profile/basic.png",
        "introduce": "영화 뉴비",
        "favorite_movie": null,
        "groups": [],
        "user_permissions": [],
        "followers": []
    }
},
{
    "model": "accounts.user",
    "pk": 2,
    "fields": {
        "password": "pbkdf2_sha256$260000$3BSWrnbFRjPriKMAci29gX$LmVfeEsARjR1/X+SQBsUSL5B0DrUgBLEzj7eDPZSGKg=",
        "last_login": null,
        "is_superuser": false,
        "username": "zero",
        "first_name": "",
        "last_name": "",
        "email": "",
        "is_staff": false,
        "is_active": true,
        "date_joined": "2021-05-25T14:50:44.705Z",
        "profile_img": "media/profile/basic.png",
        "introduce": "영화 뉴비",
        "favorite_movie": null,
        "groups": [],
        "user_permissions": [],
        "followers": []
    }
},
{
    "model": "accounts.user",
    "pk": 3,
    "fields": {
        "password": "pbkdf2_sha256$260000$cPQ51HTxRJUNakJFGv1xRk$g7v3H02VMESXNnZCMbhrPuI3AwM9SN/GnBD5MTvVLGo=",
        "last_login": null,
        "is_superuser": false,
        "username": "juan",
        "first_name": "",
        "last_name": "",
        "email": "",
        "is_staff": false,
        "is_active": true,
        "date_joined": "2021-05-25T14:50:52.822Z",
        "profile_img": "media/profile/basic.png",
        "introduce": "영화 뉴비",
        "favorite_movie": null,
        "groups": [],
        "user_permissions": [],
        "followers": []
    }
},
{
    "model": "accounts.user",
    "pk": 4,
    "fields": {
        "password": "pbkdf2_sha256$260000$gfoS4cs2U50y7Bbd3zXgKX$DdSOwW9Dm/+fn+buYm9CP1+fQCXZMeVLtTDUdmNEtUI=",
        "last_login": null,
        "is_superuser": false,
        "username": "flower",
        "first_name": "",
        "last_name": "",
        "email": "",
        "is_staff": false,
        "is_active": true,
        "date_joined": "2021-05-25T14:51:22.889Z",
        "profile_img": "media/profile/basic.png",
        "introduce": "영화 뉴비",
        "favorite_movie": null,
        "groups": [],
        "user_permissions": [],
        "followers": []
    }
},
{
    "model": "accounts.user",
    "pk": 5,
    "fields": {
        "password": "pbkdf2_sha256$260000$Ra9rA5ZKgU1b470xO2auP8$RixcRyAKphDzelPmq6BKhXGoiEX7Pj+TTIBL/Vi3SJ0=",
        "last_login": null,
        "is_superuser": false,
        "username": "despacito",
        "first_name": "",
        "last_name": "",
        "email": "",
        "is_staff": false,
        "is_active": true,
        "date_joined": "2021-05-25T14:51:30.409Z",
        "profile_img": "media/profile/basic.png",
        "introduce": "영화 뉴비",
        "favorite_movie": null,
        "groups": [],
        "user_permissions": [],
        "followers": []
    }
},
{
    "model": "community.article",
    "pk": 1,
    "fields": {
        "user": 1,
        "title": "이거 존잼",
        "content": "어벤저스 존잼이지 않냐",
        "created_at": "2021-01-21T05:29:48.372Z",
        "updated_at": "2021-01-21T05:29:48.372Z",
        "like_users": []
    }
},
{
    "model": "community.article",
    "pk": 2,
    "fields": {
        "user": 3,
        "title": "라라랜드 미친거 같아",
        "content": "달콤쌉싸름한 그 모든 감정에 화룡점정하는 마법 같은 순간.",
        "created_at": "2021-01-22T05:49:50.263Z",
        "updated_at": "2021-01-22T05:49:50.263Z",
        "like_users": []
    }
},
{
    "model": "community.article",
    "pk": 3,
    "fields": {
        "user": 2,
        "title": "스포주의!!!!",
        "content": "낚였네~~~~~~~",
        "created_at": "2021-01-25T05:54:34.444Z",
        "updated_at": "2021-01-25T05:54:34.444Z",
        "like_users": []
    }
},
{
    "model": "community.article",
    "pk": 4,
    "fields": {
        "user": 5,
        "title": "너네 최애 영화 뭐야?",
        "content": "나는 어벤져스!!!!! 너무 좋아 마블 사랑해",
        "created_at": "2021-02-23T05:54:34.444Z",
        "updated_at": "2021-02-23T05:54:34.444Z",
        "like_users": []
    }
},
{
    "model": "community.article",
    "pk": 5,
    "fields": {
        "user": 1,
        "title": "안녕하세요",
        "content": "좋은 아침입니다~~~~~",
        "created_at": "2021-03-23T05:54:34.444Z",
        "updated_at": "2021-03-23T05:54:34.444Z",
        "like_users": []
    }
},
{
    "model": "community.article",
    "pk": 6,
    "fields": {
        "user": 1,
        "title": "아 영화관 가고 싶다",
        "content": "코로나 죽일 놈",
        "created_at": "2021-03-25T05:54:34.444Z",
        "updated_at": "2021-03-25T05:54:34.444Z",
        "like_users": []
    }
},
{
    "model": "community.article",
    "pk": 7,
    "fields": {
        "user": 4,
        "title": "안녕하세요?!",
        "content": "hello!",
        "created_at": "2021-04-15T05:54:34.444Z",
        "updated_at": "2021-04-15T05:54:34.444Z",
        "like_users": []
    }
},
{
    "model": "community.article",
    "pk": 8,
    "fields": {
        "user": 2,
        "title": "이것은 뭐다?",
        "content": "그냥 개소리이다",
        "created_at": "2021-04-25T06:54:34.444Z",
        "updated_at": "2021-04-25T06:54:34.444Z",
        "like_users": []
    }
},
{
    "model": "community.article",
    "pk": 9,
    "fields": {
        "user": 3,
        "title": "님들 귀칼 봄?",
        "content": "진심 렌코쿠ㅜㅜㅜㅜ 최애가 되자 마자 죽었어",
        "created_at": "2021-05-01T05:54:34.444Z",
        "updated_at": "2021-05-01T05:54:34.444Z",
        "like_users": []
    }
},
{
    "model": "community.article",
    "pk": 10,
    "fields": {
        "user": 4,
        "title": "영화관 추천 좀",
        "content": "참고로 집은 서울역 주변이야",
        "created_at": "2021-05-02T03:54:34.444Z",
        "updated_at": "2021-05-02T03:54:34.444Z",
        "like_users": []
    }
},
{
    "model": "community.article",
    "pk": 11,
    "fields": {
        "user": 4,
        "title": "아 인생 노잼",
        "content": "영화 질렸는데 다른 재밌는거 ㅊㅊ 좀",
        "created_at": "2021-05-02T05:52:34.444Z",
        "updated_at": "2021-05-02T05:52:34.444Z",
        "like_users": []
    }
},
{
    "model": "community.article",
    "pk": 12,
    "fields": {
        "user": 5,
        "title": "요즘 조조 얼마야?",
        "content": "라떼는 5000원이었는데",
        "created_at": "2021-05-13T02:54:34.444Z",
        "updated_at": "2021-05-13T02:54:34.444Z",
        "like_users": []
    }
},
{
    "model": "community.article",
    "pk": 13,
    "fields": {
        "user": 1,
        "title": "영화관 중 최고는",
        "content": "용산 CGV라고 생각함. 아이맥스 오짐",
        "created_at": "2021-05-23T05:54:34.444Z",
        "updated_at": "2021-05-23T05:54:34.444Z",
        "like_users": []
    }
},
{
    "model": "community.article",
    "pk": 14,
    "fields": {
        "user": 2,
        "title": "분노의 질주 추천",
        "content": "더 킹 갓 제네럴 엠파이어 배우 빈 디젤",
        "created_at": "2021-05-24T05:54:34.444Z",
        "updated_at": "2021-05-24T05:54:34.444Z",
        "like_users": []
    }
},
{
    "model": "community.article",
    "pk": 15,
    "fields": {
        "user": 5,
        "title": "우리집 근처 영화관 문닫음",
        "content": "아........ 진짜 너무 싫다... 삶의 낙이었는데",
        "created_at": "2021-05-25T05:54:34.444Z",
        "updated_at": "2021-05-25T05:54:34.444Z",
        "like_users": []
    }
},
{
    "model": "community.comment",
    "pk": 1,
    "fields": {
        "user": 2,
        "article": 1,
        "comment": "인정 괜히 마블 덕후가 많은게 아님"
    }
},
{
    "model": "community.comment",
    "pk": 2,
    "fields": {
        "user": 1,
        "article": 2,
        "comment": "라라랜드 재밌어? 한 번 시도해봐야겠다"
    }
},
{
    "model": "community.comment",
    "pk": 3,
    "fields": {
        "user": 3,
        "article": 3,
        "comment": "아.... 에바"
    }
},
{
    "model": "community.comment",
    "pk": 4,
    "fields": {
        "user": 4,
        "article": 4,
        "comment": "난 귀멸의 칼날~!"
    }
},
{
    "model": "community.comment",
    "pk": 5,
    "fields": {
        "user": 2,
        "article": 5,
        "comment": "오후인디?"
    }
},
{
    "model": "community.comment",
    "pk": 6,
    "fields": {
        "user": 5,
        "article": 6,
        "comment": "ㅇㅈㅇㅈ 코로나 너무 싫어"
    }
},
{
    "model": "community.comment",
    "pk": 7,
    "fields": {
        "user": 2,
        "article": 7,
        "comment": "영어 공부하시나봐요?"
    }
},
{
    "model": "community.comment",
    "pk": 8,
    "fields": {
        "user": 3,
        "article": 8,
        "comment": "ㅋㅋㅋㅋㅋㅋㅋㅋㅋㅋㅋㅋㅋㅋㅋㅋ"
    }
},
{
    "model": "community.comment",
    "pk": 9,
    "fields": {
        "user": 5,
        "article": 9,
        "comment": "진짜 띵작임"
    }
},
{
    "model": "community.comment",
    "pk": 10,
    "fields": {
        "user": 1,
        "article": 10,
        "comment": "용산역 CGV 존좋"
    }
},
{
    "model": "community.comment",
    "pk": 11,
    "fields": {
        "user": 3,
        "article": 11,
        "comment": "애니메이션 봐"
    }
},
{
    "model": "community.comment",
    "pk": 12,
    "fields": {
        "user": 4,
        "article": 12,
        "comment": "와 아재다"
    }
},
{
    "model": "community.comment",
    "pk": 13,
    "fields": {
        "user": 1,
        "article": 13,
        "comment": "반박 안받음"
    }
},
{
    "model": "community.comment",
    "pk": 14,
    "fields": {
        "user": 5,
        "article": 14,
        "comment": "킹 갓 제네럴 엠파이어 인정"
    }
},
{
    "model": "community.comment",
    "pk": 15,
    "fields": {
        "user": 2,
        "article": 15,
        "comment": "아... ㅍㅇㅌ"
    }
},
{
    "model": "community.comment",
    "pk": 16,
    "fields": {
        "user": 5,
        "article": 15,
        "comment": "하... 진짜 이제 어디 가냐구..."
    }
},
{
    "model": "community.comment",
    "pk": 17,
    "fields": {
        "user": 5,
        "article": 13,
        "comment": "용산 CGV는 아이맥스 빨이지"
    }
},
{
    "model": "community.comment",
    "pk": 18,
    "fields": {
        "user": 2,
        "article": 14,
        "comment": "정주행해야겠다"
    }
},
{
    "model": "community.comment",
    "pk": 19,
    "fields": {
        "user": 3,
        "article": 12,
        "comment": "오우.... 나랑 동년배네"
    }
},
{
    "model": "community.comment",
    "pk": 12,
    "fields": {
        "user": 3,
        "article": 15,
        "comment": "용산 롯데시네마 가봄? 진짜 CGV랑 비교돼..."
    }
},
{
    "model": "movies.genre",
    "pk": 1,
    "fields": {
        "id": 28,
        "name": "\uc561\uc158"
    }
},
{
    "model": "movies.genre",
    "pk": 2,
    "fields": {
        "id": 12,
        "name": "\ubaa8\ud5d8"
    }
},
{
    "model": "movies.genre",
    "pk": 3,
    "fields": {
        "id": 16,
        "name": "\uc560\ub2c8\uba54\uc774\uc158"
    }
},
{
    "model": "movies.genre",
    "pk": 4,
    "fields": {
        "id": 35,
        "name": "\ucf54\ubbf8\ub514"
    }
},
{
    "model": "movies.genre",
    "pk": 5,
    "fields": {
        "id": 80,
        "name": "\ubc94\uc8c4"
    }
},
{
    "model": "movies.genre",
    "pk": 6,
    "fields": {
        "id": 99,
        "name": "\ub2e4\ud050\uba58\ud130\ub9ac"
    }
},
{
    "model": "movies.genre",
    "pk": 7,
    "fields": {
        "id": 18,
        "name": "\ub4dc\ub77c\ub9c8"
    }
},
{
    "model": "movies.genre",
    "pk": 8,
    "fields": {
        "id": 10751,
        "name": "\uac00\uc871"
    }
},
{
    "model": "movies.genre",
    "pk": 9,
    "fields": {
        "id": 14,
        "name": "\ud310\ud0c0\uc9c0"
    }
},
{
    "model": "movies.genre",
    "pk": 10,
    "fields": {
        "id": 36,
        "name": "\uc5ed\uc0ac"
    }
},
{
    "model": "movies.genre",
    "pk": 11,
    "fields": {
        "id": 27,
        "name": "\uacf5\ud3ec"
    }
},
{
    "model": "movies.genre",
    "pk": 12,
    "fields": {
        "id": 10402,
        "name": "\uc74c\uc545"
    }
},
{
    "model": "movies.genre",
    "pk": 13,
    "fields": {
        "id": 9648,
        "name": "\ubbf8\uc2a4\ud130\ub9ac"
    }
},
{
    "model": "movies.genre",
    "pk": 14,
    "fields": {
        "id": 10749,
        "name": "\ub85c\ub9e8\uc2a4"
    }
},
{
    "model": "movies.genre",
    "pk": 15,
    "fields": {
        "id": 878,
        "name": "SF"
    }
},
{
    "model": "movies.genre",
    "pk": 16,
    "fields": {
        "id": 10770,
        "name": "TV \uc601\ud654"
    }
},
{
    "model": "movies.genre",
    "pk": 17,
    "fields": {
        "id": 53,
        "name": "\uc2a4\ub9b4\ub7ec"
    }
},
{
    "model": "movies.genre",
    "pk": 18,
    "fields": {
        "id": 10752,
        "name": "\uc804\uc7c1"
    }
},
{
    "model": "movies.genre",
    "pk": 19,
    "fields": {
        "id": 37,
        "name": "\uc11c\ubd80"
    }
},
{
    "model": "movies.actor",
    "pk": 883,
    "fields": {
        "name": "Will Patton"
    }
},
{
    "model": "movies.actor",
    "pk": 20737,
    "fields": {
        "name": "Jeon Do-yeon"
    }
},
{
    "model": "movies.actor",
    "pk": 20738,
    "fields": {
        "name": "Song Kang-ho"
    }
},
{
    "model": "movies.actor",
    "pk": 21689,
    "fields": {
        "name": "Go Ah-sung"
    }
},
{
    "model": "movies.actor",
    "pk": 25002,
    "fields": {
        "name": "Lee Byung-hun"
    }
},
{
    "model": "movies.actor",
    "pk": 30315,
    "fields": {
        "name": "Richard Armitage"
    }
},
{
    "model": "movies.actor",
    "pk": 37939,
    "fields": {
        "name": "Yum Jung-ah"
    }
},
{
    "model": "movies.actor",
    "pk": 37940,
    "fields": {
        "name": "Im Soo-jung"
    }
},
{
    "model": "movies.actor",
    "pk": 63442,
    "fields": {
        "name": "Cha Tae-hyun"
    }
},
{
    "model": "movies.actor",
    "pk": 73249,
    "fields": {
        "name": "Lee Jung-jae"
    }
},
{
    "model": "movies.actor",
    "pk": 75912,
    "fields": {
        "name": "Kim Yoon-seok"
    }
},
{
    "model": "movies.actor",
    "pk": 75913,
    "fields": {
        "name": "Ha Jung-woo"
    }
},
{
    "model": "movies.actor",
    "pk": 77188,
    "fields": {
        "name": "Oh Dal-su"
    }
},
{
    "model": "movies.actor",
    "pk": 80461,
    "fields": {
        "name": "Yu Jun-sang"
    }
},
{
    "model": "movies.actor",
    "pk": 83012,
    "fields": {
        "name": "Kim Ha-neul"
    }
},
{
    "model": "movies.actor",
    "pk": 83014,
    "fields": {
        "name": "Gang Dong-won"
    }
},
{
    "model": "movies.actor",
    "pk": 84788,
    "fields": {
        "name": "Kim Moo-yul"
    }
},
{
    "model": "movies.actor",
    "pk": 84996,
    "fields": {
        "name": "Yoo Hae-jin"
    }
},
{
    "model": "movies.actor",
    "pk": 86330,
    "fields": {
        "name": "Lee Beom-soo"
    }
},
{
    "model": "movies.actor",
    "pk": 87954,
    "fields": {
        "name": "Scott Haze"
    }
},
{
    "model": "movies.actor",
    "pk": 88298,
    "fields": {
        "name": "Song Young-chang"
    }
},
{
    "model": "movies.actor",
    "pk": 93252,
    "fields": {
        "name": "Kim Hae-sook"
    }
},
{
    "model": "movies.actor",
    "pk": 93996,
    "fields": {
        "name": "Jang Young-nam"
    }
},
{
    "model": "movies.actor",
    "pk": 97391,
    "fields": {
        "name": "Darryl Cox"
    }
},
{
    "model": "movies.actor",
    "pk": 115290,
    "fields": {
        "name": "Lee Sun-kyun"
    }
},
{
    "model": "movies.actor",
    "pk": 115647,
    "fields": {
        "name": "Juri Ueno"
    }
},
{
    "model": "movies.actor",
    "pk": 118976,
    "fields": {
        "name": "Kim Dong-wook"
    }
},
{
    "model": "movies.actor",
    "pk": 123766,
    "fields": {
        "name": "Kim Joo-hyuk"
    }
},
{
    "model": "movies.actor",
    "pk": 123818,
    "fields": {
        "name": "Kwon Tae-won"
    }
},
{
    "model": "movies.actor",
    "pk": 123819,
    "fields": {
        "name": "Yeon-su Seo"
    }
},
{
    "model": "movies.actor",
    "pk": 123820,
    "fields": {
        "name": "Kim Sang-ho"
    }
},
{
    "model": "movies.actor",
    "pk": 123821,
    "fields": {
        "name": "Park Min-gyu"
    }
},
{
    "model": "movies.actor",
    "pk": 123822,
    "fields": {
        "name": "Ji-hyeok Min"
    }
},
{
    "model": "movies.actor",
    "pk": 123823,
    "fields": {
        "name": "Yeong-jin Sin"
    }
},
{
    "model": "movies.actor",
    "pk": 123824,
    "fields": {
        "name": "Gong Jeong-hwan"
    }
},
{
    "model": "movies.actor",
    "pk": 123825,
    "fields": {
        "name": "Jong-gu Yun"
    }
},
{
    "model": "movies.actor",
    "pk": 123826,
    "fields": {
        "name": "Hyeon-woo Son"
    }
},
{
    "model": "movies.actor",
    "pk": 125732,
    "fields": {
        "name": "Lim Hyung-kook"
    }
},
{
    "model": "movies.actor",
    "pk": 126199,
    "fields": {
        "name": "Eric Starkey"
    }
},
{
    "model": "movies.actor",
    "pk": 127273,
    "fields": {
        "name": "Kim Hyo-jin"
    }
},
{
    "model": "movies.actor",
    "pk": 138531,
    "fields": {
        "name": "Kim Su-ro"
    }
},
{
    "model": "movies.actor",
    "pk": 147085,
    "fields": {
        "name": "Tina Parker"
    }
},
{
    "model": "movies.actor",
    "pk": 150125,
    "fields": {
        "name": "Ju Ji-hoon"
    }
},
{
    "model": "movies.actor",
    "pk": 150126,
    "fields": {
        "name": "Jeon Hye-jin"
    }
},
{
    "model": "movies.actor",
    "pk": 150698,
    "fields": {
        "name": "Song Joong-ki"
    }
},
{
    "model": "movies.actor",
    "pk": 150903,
    "fields": {
        "name": "Gong Yoo"
    }
},
{
    "model": "movies.actor",
    "pk": 181332,
    "fields": {
        "name": "Kim Myung-gon"
    }
},
{
    "model": "movies.actor",
    "pk": 215055,
    "fields": {
        "name": "Steven Yeun"
    }
},
{
    "model": "movies.actor",
    "pk": 222881,
    "fields": {
        "name": "Jai Day"
    }
},
{
    "model": "movies.actor",
    "pk": 229752,
    "fields": {
        "name": "Baek Yoon-sik"
    }
},
{
    "model": "movies.actor",
    "pk": 231476,
    "fields": {
        "name": "Lee Kyung-young"
    }
},
{
    "model": "movies.actor",
    "pk": 240082,
    "fields": {
        "name": "Jung In-gi"
    }
},
{
    "model": "movies.actor",
    "pk": 240145,
    "fields": {
        "name": "Han Hyo-joo"
    }
},
{
    "model": "movies.actor",
    "pk": 463583,
    "fields": {
        "name": "Jang So-yeon"
    }
},
{
    "model": "movies.actor",
    "pk": 550683,
    "fields": {
        "name": "Kim Hee-won"
    }
},
{
    "model": "movies.actor",
    "pk": 554945,
    "fields": {
        "name": "Kwon Hae-hyo"
    }
},
{
    "model": "movies.actor",
    "pk": 556435,
    "fields": {
        "name": "Cho Yeo-jeong"
    }
},
{
    "model": "movies.actor",
    "pk": 557743,
    "fields": {
        "name": "Lee Yong-nyeo"
    }
},
{
    "model": "movies.actor",
    "pk": 564844,
    "fields": {
        "name": "Park Byung-eun"
    }
},
{
    "model": "movies.actor",
    "pk": 566372,
    "fields": {
        "name": "Lee Joon-hyuk"
    }
},
{
    "model": "movies.actor",
    "pk": 573792,
    "fields": {
        "name": "Kim Min-jae"
    }
},
{
    "model": "movies.actor",
    "pk": 573794,
    "fields": {
        "name": "Bae Sung-woo"
    }
},
{
    "model": "movies.actor",
    "pk": 587634,
    "fields": {
        "name": "Park Bo-gum"
    }
},
{
    "model": "movies.actor",
    "pk": 587675,
    "fields": {
        "name": "Yoo Yeon-seok"
    }
},
{
    "model": "movies.actor",
    "pk": 945428,
    "fields": {
        "name": "Ju Jin-mo"
    }
},
{
    "model": "movies.actor",
    "pk": 1004565,
    "fields": {
        "name": "Im Won-hee"
    }
},
{
    "model": "movies.actor",
    "pk": 1014784,
    "fields": {
        "name": "Bae Suzy"
    }
},
{
    "model": "movies.actor",
    "pk": 1020859,
    "fields": {
        "name": "Sung Dong-il"
    }
},
{
    "model": "movies.actor",
    "pk": 1024395,
    "fields": {
        "name": "Ma Dong-seok"
    }
},
{
    "model": "movies.actor",
    "pk": 1057068,
    "fields": {
        "name": "Han Yeri"
    }
},
{
    "model": "movies.actor",
    "pk": 1080935,
    "fields": {
        "name": "Youn Yuh-jung"
    }
},
{
    "model": "movies.actor",
    "pk": 1096458,
    "fields": {
        "name": "Koo Kyo-hwan"
    }
},
{
    "model": "movies.actor",
    "pk": 1096793,
    "fields": {
        "name": "Jang Gwang"
    }
},
{
    "model": "movies.actor",
    "pk": 1128106,
    "fields": {
        "name": "Kim Hyang-gi"
    }
},
{
    "model": "movies.actor",
    "pk": 1140210,
    "fields": {
        "name": "Park Sung-hoon"
    }
},
{
    "model": "movies.actor",
    "pk": 1141056,
    "fields": {
        "name": "Do Ji-han"
    }
},
{
    "model": "movies.actor",
    "pk": 1156197,
    "fields": {
        "name": "Park Shin-hye"
    }
},
{
    "model": "movies.actor",
    "pk": 1171951,
    "fields": {
        "name": "Jung Hae-kyun"
    }
},
{
    "model": "movies.actor",
    "pk": 1203520,
    "fields": {
        "name": "April Warren"
    }
},
{
    "model": "movies.actor",
    "pk": 1203792,
    "fields": {
        "name": "Jo Han-chul"
    }
},
{
    "model": "movies.actor",
    "pk": 1238592,
    "fields": {
        "name": "Lee Dong-wook"
    }
},
{
    "model": "movies.actor",
    "pk": 1244822,
    "fields": {
        "name": "Lee Jung-hyun"
    }
},
{
    "model": "movies.actor",
    "pk": 1244947,
    "fields": {
        "name": "Kim Min-jong"
    }
},
{
    "model": "movies.actor",
    "pk": 1254630,
    "fields": {
        "name": "Lee Jun-hyuk"
    }
},
{
    "model": "movies.actor",
    "pk": 1255881,
    "fields": {
        "name": "Choi Woo-shik"
    }
},
{
    "model": "movies.actor",
    "pk": 1263930,
    "fields": {
        "name": "Chun Woo-hee"
    }
},
{
    "model": "movies.actor",
    "pk": 1278162,
    "fields": {
        "name": "Kim Su-an"
    }
},
{
    "model": "movies.actor",
    "pk": 1287909,
    "fields": {
        "name": "Kim Hong-pa"
    }
},
{
    "model": "movies.actor",
    "pk": 1294526,
    "fields": {
        "name": "Jo Dal-hwan"
    }
},
{
    "model": "movies.actor",
    "pk": 1296075,
    "fields": {
        "name": "Sun Woo-sun"
    }
},
{
    "model": "movies.actor",
    "pk": 1299221,
    "fields": {
        "name": "Baek Do-bin"
    }
},
{
    "model": "movies.actor",
    "pk": 1299244,
    "fields": {
        "name": "Lee Re"
    }
},
{
    "model": "movies.actor",
    "pk": 1299252,
    "fields": {
        "name": "Lee Hyun-woo"
    }
},
{
    "model": "movies.actor",
    "pk": 1299277,
    "fields": {
        "name": "Nam Il-woo"
    }
},
{
    "model": "movies.actor",
    "pk": 1299479,
    "fields": {
        "name": "Lee Jin-wook"
    }
},
{
    "model": "movies.actor",
    "pk": 1326155,
    "fields": {
        "name": "Kang Shin-chul"
    }
},
{
    "model": "movies.actor",
    "pk": 1330423,
    "fields": {
        "name": "Kim Dae-myung"
    }
},
{
    "model": "movies.actor",
    "pk": 1347525,
    "fields": {
        "name": "Park Seo-jun"
    }
},
{
    "model": "movies.actor",
    "pk": 1350000,
    "fields": {
        "name": "Seo Kang-joon"
    }
},
{
    "model": "movies.actor",
    "pk": 1351055,
    "fields": {
        "name": "Ye Soo-jung"
    }
},
{
    "model": "movies.actor",
    "pk": 1362362,
    "fields": {
        "name": "Yeon Je-wook"
    }
},
{
    "model": "movies.actor",
    "pk": 1372475,
    "fields": {
        "name": "Shin Dong-mi"
    }
},
{
    "model": "movies.actor",
    "pk": 1418580,
    "fields": {
        "name": "Lee Dong-hwi"
    }
},
{
    "model": "movies.actor",
    "pk": 1418762,
    "fields": {
        "name": "Jung Ji-so"
    }
},
{
    "model": "movies.actor",
    "pk": 1419705,
    "fields": {
        "name": "Park Jae-wook"
    }
},
{
    "model": "movies.actor",
    "pk": 1425274,
    "fields": {
        "name": "Moon Sook"
    }
},
{
    "model": "movies.actor",
    "pk": 1442583,
    "fields": {
        "name": "Park So-dam"
    }
},
{
    "model": "movies.actor",
    "pk": 1470219,
    "fields": {
        "name": "Do Kyung-soo"
    }
},
{
    "model": "movies.actor",
    "pk": 1486237,
    "fields": {
        "name": "Ben Hall"
    }
},
{
    "model": "movies.actor",
    "pk": 1500802,
    "fields": {
        "name": "Jenny Phagan"
    }
},
{
    "model": "movies.actor",
    "pk": 1532399,
    "fields": {
        "name": "Lee Jae-joon"
    }
},
{
    "model": "movies.actor",
    "pk": 1537768,
    "fields": {
        "name": "Kim Tae-ri"
    }
},
{
    "model": "movies.actor",
    "pk": 1537955,
    "fields": {
        "name": "Lee Joo-hyung"
    }
},
{
    "model": "movies.actor",
    "pk": 1566012,
    "fields": {
        "name": "Jo Woo-jin"
    }
},
{
    "model": "movies.actor",
    "pk": 1567068,
    "fields": {
        "name": "Lee Sang-won"
    }
},
{
    "model": "movies.actor",
    "pk": 1572354,
    "fields": {
        "name": "Lee Jung-eun"
    }
},
{
    "model": "movies.actor",
    "pk": 1622067,
    "fields": {
        "name": "Debbi Tucker"
    }
},
{
    "model": "movies.actor",
    "pk": 1694435,
    "fields": {
        "name": "Park Myung-hoon"
    }
},
{
    "model": "movies.actor",
    "pk": 1709230,
    "fields": {
        "name": "Park Keun-rok"
    }
},
{
    "model": "movies.actor",
    "pk": 1793046,
    "fields": {
        "name": "Kim Do-yoon"
    }
},
{
    "model": "movies.actor",
    "pk": 1835700,
    "fields": {
        "name": "Andreas Fronk"
    }
},
{
    "model": "movies.actor",
    "pk": 1895563,
    "fields": {
        "name": "Kim Bo-ryeong"
    }
},
{
    "model": "movies.actor",
    "pk": 1924149,
    "fields": {
        "name": "Lee Ye-won"
    }
},
{
    "model": "movies.actor",
    "pk": 1944127,
    "fields": {
        "name": "Kaye Brownlee-France"
    }
},
{
    "model": "movies.actor",
    "pk": 1949439,
    "fields": {
        "name": "James Carroll"
    }
},
{
    "model": "movies.actor",
    "pk": 1957562,
    "fields": {
        "name": "Daniel Joey Albright"
    }
},
{
    "model": "movies.actor",
    "pk": 1989290,
    "fields": {
        "name": "Jin Sun-kyu"
    }
},
{
    "model": "movies.actor",
    "pk": 2034742,
    "fields": {
        "name": "Jung Yoo-ahn"
    }
},
{
    "model": "movies.actor",
    "pk": 2097275,
    "fields": {
        "name": "Jung Ji-hoon"
    }
},
{
    "model": "movies.actor",
    "pk": 2114604,
    "fields": {
        "name": "Kim Geon"
    }
},
{
    "model": "movies.actor",
    "pk": 2115785,
    "fields": {
        "name": "Kim Si-a"
    }
},
{
    "model": "movies.actor",
    "pk": 2133345,
    "fields": {
        "name": "No Seung-beom"
    }
},
{
    "model": "movies.actor",
    "pk": 2133924,
    "fields": {
        "name": "Ok Ja-yeon"
    }
},
{
    "model": "movies.actor",
    "pk": 2141187,
    "fields": {
        "name": "Yoon Hye-ree"
    }
},
{
    "model": "movies.actor",
    "pk": 2141531,
    "fields": {
        "name": "Ahn Ji-ho"
    }
},
{
    "model": "movies.actor",
    "pk": 2158882,
    "fields": {
        "name": "Chang Hyae-jin"
    }
},
{
    "model": "movies.actor",
    "pk": 2187912,
    "fields": {
        "name": "Kwak Sin-ae"
    }
},
{
    "model": "movies.actor",
    "pk": 2228586,
    "fields": {
        "name": "Na Chul"
    }
},
{
    "model": "movies.actor",
    "pk": 2260887,
    "fields": {
        "name": "Jack Lyons"
    }
},
{
    "model": "movies.actor",
    "pk": 2286091,
    "fields": {
        "name": "Pierce Conran"
    }
},
{
    "model": "movies.actor",
    "pk": 2288847,
    "fields": {
        "name": "Gong Min-jeung"
    }
},
{
    "model": "movies.actor",
    "pk": 2291096,
    "fields": {
        "name": "Kim Dae-han"
    }
},
{
    "model": "movies.actor",
    "pk": 2306987,
    "fields": {
        "name": "Jung Hyeon-jun"
    }
},
{
    "model": "movies.actor",
    "pk": 2320125,
    "fields": {
        "name": "Lee Ji-hye"
    }
},
{
    "model": "movies.actor",
    "pk": 2320126,
    "fields": {
        "name": "Anna Elisabeth Rihlmann"
    }
},
{
    "model": "movies.actor",
    "pk": 2326615,
    "fields": {
        "name": "Jeong Ik-han"
    }
},
{
    "model": "movies.actor",
    "pk": 2326809,
    "fields": {
        "name": "Jung Yi-seo"
    }
},
{
    "model": "movies.actor",
    "pk": 2341889,
    "fields": {
        "name": "Chloe Lee"
    }
},
{
    "model": "movies.actor",
    "pk": 2379047,
    "fields": {
        "name": "Ahn Seong-bong"
    }
},
{
    "model": "movies.actor",
    "pk": 2391355,
    "fields": {
        "name": "Cha Si-won"
    }
},
{
    "model": "movies.actor",
    "pk": 2475737,
    "fields": {
        "name": "Jeong Yun-Ha"
    }
},
{
    "model": "movies.actor",
    "pk": 2476741,
    "fields": {
        "name": "Noel Kate Cho"
    }
},
{
    "model": "movies.actor",
    "pk": 2476742,
    "fields": {
        "name": "Alan Kim"
    }
},
{
    "model": "movies.actor",
    "pk": 2478772,
    "fields": {
        "name": "Cho Jae-myung"
    }
},
{
    "model": "movies.actor",
    "pk": 2478774,
    "fields": {
        "name": "Seo Bok-hyeon"
    }
},
{
    "model": "movies.actor",
    "pk": 2478775,
    "fields": {
        "name": "Shim Soo-mi"
    }
},
{
    "model": "movies.actor",
    "pk": 2478777,
    "fields": {
        "name": "Shin Seung-min"
    }
},
{
    "model": "movies.actor",
    "pk": 2478778,
    "fields": {
        "name": "Riccardo Ferraresso"
    }
},
{
    "model": "movies.actor",
    "pk": 2478779,
    "fields": {
        "name": "Rosie Peralta"
    }
},
{
    "model": "movies.actor",
    "pk": 2478780,
    "fields": {
        "name": "Lee Si-hoon"
    }
},
{
    "model": "movies.actor",
    "pk": 2478781,
    "fields": {
        "name": "Kim Gyu-Baek"
    }
},
{
    "model": "movies.actor",
    "pk": 2478782,
    "fields": {
        "name": "Ko Kwan-jae"
    }
},
{
    "model": "movies.actor",
    "pk": 2479219,
    "fields": {
        "name": "Baek Seung-hwan"
    }
},
{
    "model": "movies.actor",
    "pk": 2479225,
    "fields": {
        "name": "Park Hye-sook"
    }
},
{
    "model": "movies.actor",
    "pk": 2485848,
    "fields": {
        "name": "Choi Gwang-il"
    }
},
{
    "model": "movies.actor",
    "pk": 2490270,
    "fields": {
        "name": "Kim Yeon-gyo"
    }
},
{
    "model": "movies.actor",
    "pk": 2490273,
    "fields": {
        "name": "Han Su-hyeon"
    }
},
{
    "model": "movies.actor",
    "pk": 2499966,
    "fields": {
        "name": "Yoon Young-woo"
    }
},
{
    "model": "movies.actor",
    "pk": 2524442,
    "fields": {
        "name": "Jeong A-mi"
    }
},
{
    "model": "movies.actor",
    "pk": 2527851,
    "fields": {
        "name": "Esther Moon"
    }
},
{
    "model": "movies.actor",
    "pk": 2538180,
    "fields": {
        "name": "Lee Dong-Yong"
    }
},
{
    "model": "movies.actor",
    "pk": 2538209,
    "fields": {
        "name": "Jeon Eun-mi"
    }
},
{
    "model": "movies.actor",
    "pk": 2618591,
    "fields": {
        "name": "Skip Schwink"
    }
},
{
    "model": "movies.actor",
    "pk": 2736439,
    "fields": {
        "name": "Jacob Wade"
    }
},
{
    "model": "movies.actor",
    "pk": 2759502,
    "fields": {
        "name": "Hwang Yeon-hui"
    }
},
{
    "model": "movies.actor",
    "pk": 2796117,
    "fields": {
        "name": "Seol Si-yeon"
    }
},
{
    "model": "movies.actor",
    "pk": 2852320,
    "fields": {
        "name": "Ed Spinelli"
    }
},
{
    "model": "movies.actor",
    "pk": 2854670,
    "fields": {
        "name": "Kim Min-sik"
    }
},
{
    "model": "movies.actor",
    "pk": 2891439,
    "fields": {
        "name": "Yoon Hae-ju"
    }
},
{
    "model": "movies.actor",
    "pk": 2924664,
    "fields": {
        "name": "Joel Telford"
    }
},
{
    "model": "movies.actor",
    "pk": 2924668,
    "fields": {
        "name": "Tea Oh"
    }
},
{
    "model": "movies.actor",
    "pk": 2925197,
    "fields": {
        "name": "Oh Yun-su"
    }
},
{
    "model": "movies.actor",
    "pk": 2965845,
    "fields": {
        "name": "Nas Brown"
    }
},
{
    "model": "movies.actor",
    "pk": 2965847,
    "fields": {
        "name": "Kevin Dockry"
    }
},
{
    "model": "movies.actor",
    "pk": 2965848,
    "fields": {
        "name": "Carla Fernanda Avila Escobedo"
    }
},
{
    "model": "movies.actor",
    "pk": 2965849,
    "fields": {
        "name": "Anupam Tripathi"
    }
},
{
    "model": "movies.actor",
    "pk": 2965850,
    "fields": {
        "name": "Andrew William Brand"
    }
},
{
    "model": "movies.actor",
    "pk": 2965855,
    "fields": {
        "name": "Hou Mengjun"
    }
},
{
    "model": "movies.actor",
    "pk": 2965857,
    "fields": {
        "name": "John D. Michaels"
    }
},
{
    "model": "movies.actor",
    "pk": 2966747,
    "fields": {
        "name": "Alym Tayyrov"
    }
},
{
    "model": "movies.actor",
    "pk": 2966748,
    "fields": {
        "name": "Park Ye-rin"
    }
},
{
    "model": "movies.actor",
    "pk": 2966749,
    "fields": {
        "name": "Oh Ji-yul"
    }
},
{
    "model": "movies.actor",
    "pk": 2966754,
    "fields": {
        "name": "Gareth Fannin"
    }
},
{
    "model": "movies.actor",
    "pk": 2966756,
    "fields": {
        "name": "Phoebe Corey"
    }
},
{
    "model": "movies.actor",
    "pk": 2966764,
    "fields": {
        "name": "Guillermo Vazquez Garibay"
    }
},
{
    "model": "movies.actor",
    "pk": 2966765,
    "fields": {
        "name": "Jason Kvich"
    }
},
{
    "model": "movies.actor",
    "pk": 2966766,
    "fields": {
        "name": "Chiara Aguilar"
    }
},
{
    "model": "movies.actor",
    "pk": 2966767,
    "fields": {
        "name": "Gabriel Ruiz Benito"
    }
},
{
    "model": "movies.actor",
    "pk": 2966768,
    "fields": {
        "name": "Ana Ruggiero"
    }
},
{
    "model": "movies.actor",
    "pk": 2966769,
    "fields": {
        "name": "Gregory Skripchenko"
    }
},
{
    "model": "movies.actor",
    "pk": 2966770,
    "fields": {
        "name": "Massimo Fierro"
    }
},
{
    "model": "movies.actor",
    "pk": 2966771,
    "fields": {
        "name": "Rahel Limor"
    }
},
{
    "model": "movies.actor",
    "pk": 2966772,
    "fields": {
        "name": "Yoo Young-bin"
    }
},
{
    "model": "movies.actor",
    "pk": 2966773,
    "fields": {
        "name": "Thomas Frederiksen"
    }
},
{
    "model": "movies.actor",
    "pk": 2966774,
    "fields": {
        "name": "Alison Rock"
    }
},
{
    "model": "movies.actor",
    "pk": 2966776,
    "fields": {
        "name": "Benjamin Spink"
    }
},
{
    "model": "movies.actor",
    "pk": 2966777,
    "fields": {
        "name": "Seo Dong-oh"
    }
},
{
    "model": "movies.actor",
    "pk": 2966778,
    "fields": {
        "name": "Ariane Desgagnes-Leclerc"
    }
},
{
    "model": "movies.actor",
    "pk": 2966779,
    "fields": {
        "name": "Amy Pradeep Sawant"
    }
},
{
    "model": "movies.actor",
    "pk": 2966780,
    "fields": {
        "name": "Antonio Bompart"
    }
},
{
    "model": "movies.actor",
    "pk": 2966782,
    "fields": {
        "name": "Nico Lesage"
    }
},
{
    "model": "movies.actor",
    "pk": 2966786,
    "fields": {
        "name": "Guillaume Desbos"
    }
},
{
    "model": "movies.actor",
    "pk": 2966789,
    "fields": {
        "name": "Joshua Wera"
    }
},
{
    "model": "movies.actor",
    "pk": 2966792,
    "fields": {
        "name": "Maurice Turner Jr."
    }
},
{
    "model": "movies.actor",
    "pk": 2966796,
    "fields": {
        "name": "Jamarian Bridges"
    }
},
{
    "model": "movies.actor",
    "pk": 2966797,
    "fields": {
        "name": "Milan-Devi LaBrey"
    }
},
{
    "model": "movies.actor",
    "pk": 2966798,
    "fields": {
        "name": "Ahmed Fouda"
    }
},
{
    "model": "movies.actor",
    "pk": 2969723,
    "fields": {
        "name": "Saif Khan Showpon"
    }
},
{
    "model": "movies.actor",
    "pk": 2969725,
    "fields": {
        "name": "Daniil Kuznetcov"
    }
},
{
    "model": "movies.actor",
    "pk": 2969729,
    "fields": {
        "name": "Alexander Kapitonenko"
    }
},
{
    "model": "movies.actor",
    "pk": 2983574,
    "fields": {
        "name": "Stefan van der Ree"
    }
},
{
    "model": "movies.actor",
    "pk": 2983578,
    "fields": {
        "name": "Christopher Gordon"
    }
},
{
    "model": "movies.actor",
    "pk": 3055283,
    "fields": {
        "name": "Paul Battle"
    }
},
{
    "model": "movies.actor",
    "pk": 3055286,
    "fields": {
        "name": "Andrea Paciotto"
    }
},
{
    "model": "movies.actor",
    "pk": 3068216,
    "fields": {
        "name": "Kim Won-Jin"
    }
},
{
    "model": "movies.actor",
    "pk": 3102937,
    "fields": {
        "name": "이언정"
    }
},
{
    "model": "movies.director",
    "pk": 21684,
    "fields": {
        "name": "Bong Joon-ho"
    }
},
{
    "model": "movies.director",
    "pk": 84969,
    "fields": {
        "name": "Kim Yong-hwa"
    }
},
{
    "model": "movies.director",
    "pk": 108536,
    "fields": {
        "name": "Lee Hae-jun"
    }
},
{
    "model": "movies.director",
    "pk": 119337,
    "fields": {
        "name": "Choi Dong-hoon"
    }
},
{
    "model": "movies.director",
    "pk": 931952,
    "fields": {
        "name": "Lee Isaac Chung"
    }
},
{
    "model": "movies.director",
    "pk": 939147,
    "fields": {
        "name": "Yeon Sang-ho"
    }
},
{
    "model": "movies.director",
    "pk": 1086497,
    "fields": {
        "name": "Jo Sung-hee"
    }
},
{
    "model": "movies.director",
    "pk": 1293085,
    "fields": {
        "name": "Kim Byung-seo"
    }
},
{
    "model": "movies.director",
    "pk": 1480986,
    "fields": {
        "name": "Baik"
    }
},
{
    "model": "movies.director",
    "pk": 1630357,
    "fields": {
        "name": "Lee Yong-ju"
    }
},
{
    "model": "movies.movie",
    "pk": 1,
    "fields": {
        "movie_pk": 586047,
        "title": "서복",
        "subtitle": "서복",
        "overview": "과거 트라우마를 안겨준 사건으로 인해 외부와 단절된 삶을 살아가고 있는 전직 요원 기헌은 정보국으로부터 거절할 수 없는 마지막 제안을 받는다. 줄기세포 복제와 유전자 조작을 통해 만들어진 실험체 서복을 안전하게 이동시키는 일을 맡게 된 것. 하지만 임무 수행과 동시에 예기치 못한 공격을 받게 되고, 가까스로 빠져나온 기헌과 서복은 둘만의 특별한 동행을 시작하게 된다. 실험실 밖 세상을 처음 만나 모든 것이 신기하기만 한 서복과 생애 마지막 임무를 서둘러 마무리 짓고 싶은 기헌은 가는 곳마다 사사건건 부딪친다. 한편, 인류의 구원이자 재앙이 될 수도 있는 서복을 차지하기 위해 나선 여러 집단의 추적은 점점 거세지고 이들은 결국 피할 수 없는 선택을 하게 되는데…",
        "tagline": "생애 마지막 지켜야 할 존재가 나타났다",
        "thumbnail": "/xdrFKWpUx2JjK7BeUJGA5iaI5rA.jpg",
        "backdrop": "/yC4DRg5aGgNpkHpUDpLtBqzownS.jpg",
        "release_date": "2021-04-12",
        "userRating": 5.0,
        "directors": [
            1630357
        ],
        "actors": [
            93996,
            150903,
            564844,
            587634,
            1287909,
            1362362,
            1566012,
            1835700,
            1957562,
            2260887,
            2966780,
            2966792,
            3055283,
            3055286,
            3102937
        ],
        "genres": [
            28,
            878
        ],
        "like_users": []
    }
},
{
    "model": "movies.movie",
    "pk": 2,
    "fields": {
        "movie_pk": 581387,
        "title": "백두산",
        "subtitle": "백두산",
        "overview": "대한민국 관측 역사상 최대 규모의 백두산 폭발 발생. 갑작스러운 재난에 한반도는 순식간에 아비규환이 되고, 남과 북 모두를 집어삼킬 추가 폭발이 예측된다. 사상 초유의 재난을 막기 위해 전유경은 백두산 폭발을 연구해 온 지질학 교수 강봉래의 이론에 따른 작전을 계획하고, 전역을 앞둔 특전사 EOD 대위 조인창이 남과 북의 운명이 걸린 비밀 작전에 투입된다. 작전의 키를 쥔 북한 무력부 소속 일급 자원 리준평과 접선에 성공한 인창. 하지만 준평은 속을 알 수 없는 행동으로 인창을 곤란하게 만든다. 한편, 인창이 북한에서 펼쳐지는 작전에 투입된 사실도 모른 채 서울에 홀로 남은 최지영은 재난에 맞서 살아남기 위해 고군분투하고 그 사이, 백두산 마지막 폭발까지의 시간은 점점 가까워 가는데…",
        "tagline": "마지막 폭발을 막아야 한다",
        "thumbnail": "/1n5q3XpEhCe7TnGHzsHs5pwVT8O.jpg",
        "backdrop": "/h9DIlghaiTxbQbt1FIwKNbQvEL.jpg",
        "release_date": "2019-12-19",
        "userRating": 5.0,
        "directors": [
            108536,
            1293085
        ],
        "actors": [
            20737,
            25002,
            75913,
            125732,
            150126,
            222881,
            231476,
            1014784,
            1024395,
            1203792,
            1326155,
            1567068,
            1957562,
            2115785,
            2133924,
            2260887,
            2475737,
            2485848,
            2490270,
            2490273,
            2854670,
            2965847,
            2966792,
            2983574,
            2983578
        ],
        "genres": [
            12,
            28,
            53
        ],
        "like_users": []
    }
},
{
    "model": "movies.movie",
    "pk": 3,
    "fields": {
        "movie_pk": 581389,
        "title": "승리호",
        "subtitle": "승리호",
        "overview": "2092년, 지구는 병들고 우주 위성궤도에 인류의 새로운 보금자리인 UTS가 만들어졌다. 돈 되는 일이라면 뭐든 하는 조종사 태호, 과거 우주 해적단을 이끌었던 장선장, 갱단 두목이었지만 이제는 기관사가 된 타이거 박, 평생 이루고 싶은 꿈을 가진 작살잡이 로봇 업동이, 이들은 우주쓰레기를 주워 돈을 버는 청소선 승리호의 선원들이다. 어느 날 사고 우주정을 수거한 승리호는 그 안에 숨어있던 대량살상무기로 알려진 인간형 로봇 도로시를 발견한다. 돈이 절실한 선원들은 도로시를 거액의 돈과 맞바꾸기 위한 위험한 거래를 계획하는데...",
        "tagline": "듣도 보도 못한 놈들의 우주 청소가 시작된다",
        "thumbnail": "/vOefWMYqC1S3aiCTD5MD8HeXl0Y.jpg",
        "backdrop": "/drulhSX7P5TQlEMQZ3JoXKSDEfz.jpg",
        "release_date": "2021-02-05",
        "userRating": 5.0,
        "directors": [
            1086497
        ],
        "actors": [
            30315,
            84788,
            84996,
            150698,
            1128106,
            1537768,
            1957562,
            1989290,
            2291096,
            2891439,
            2925197,
            2965845,
            2965847,
            2965848,
            2965849,
            2965850,
            2965855,
            2965857,
            2966747,
            2966748,
            2966749,
            2966754,
            2966756,
            2966764,
            2966765,
            2966766,
            2966767,
            2966768,
            2966769,
            2966770,
            2966771,
            2966772,
            2966773,
            2966774,
            2966776,
            2966777,
            2966778,
            2966779,
            2966780,
            2966782,
            2966786,
            2966789,
            2966792,
            2966796,
            2966797,
            2966798,
            2969723,
            2969725,
            2969729
        ],
        "genres": [
            14,
            18,
            878
        ],
        "like_users": []
    }
},
{
    "model": "movies.movie",
    "pk": 4,
    "fields": {
        "movie_pk": 397567,
        "title": "신과함께-죄와 벌",
        "subtitle": "신과함께-죄와 벌",
        "overview": "살인, 나태, 거짓, 불의, 배신, 폭력, 천륜 7개의 지옥에서 7번의 재판을 무사히 통과한 망자만이 환생하여 새로운 삶을 시작할 수 있다. 화재 사고 현장에서 여자아이를 구하고 죽음을 맞이한 소방관 자홍, 그의 앞에 저승차사 해원맥과 덕춘이 나타난다. 자신의 죽음이 아직 믿기지도 않는데 덕춘은 정의로운 망자이자 귀인이라며 그를 치켜세운다. 저승으로 가는 입구, 초군문에서 그를 기다리는 또 한 명의 차사 강림, 그는 차사들의 리더이자 앞으로 자홍이 겪어야 할 7개의 재판에서 변호를 맡아줄 변호사이기도 하다. 염라대왕에게 천년 동안 49명의 망자를 환생시키면 자신들 역시 인간으로 환생시켜 주겠다는 약속을 받은 삼차사들, 그들은 자신들이 변호하고 호위해야 하는 48번째 망자이자 19년 만에 나타난 의로운 귀인 자홍의 환생을 확신하지만, 각 지옥에서 자홍의 과거가 하나 둘씩 드러나면서 예상치 못한 고난과 맞닥뜨리는데…",
        "tagline": "누구나 가지만 아무도 본 적 없는 곳, 새로운 세계의 문이 열린다!",
        "thumbnail": "/5j2YVF7VouLG0Ze96SEsj4DnVQM.jpg",
        "backdrop": "/wyv2Y9vXYJwJzF6cNVuVwVOsOUj.jpg",
        "release_date": "2017-12-14",
        "userRating": 5.0,
        "directors": [
            84969
        ],
        "actors": [
            63442,
            73249,
            75913,
            77188,
            80461,
            83012,
            93252,
            118976,
            138531,
            150125,
            231476,
            1004565,
            1024395,
            1096793,
            1128106,
            1171951,
            1244947,
            1254630,
            1278162,
            1299277,
            1351055,
            1470219,
            2097275,
            2228586
        ],
        "genres": [
            14,
            18,
            28
        ],
        "like_users": []
    }
},
{
    "model": "movies.movie",
    "pk": 5,
    "fields": {
        "movie_pk": 518068,
        "title": "신과 함께-인과 연",
        "subtitle": "신과함께-인과 연",
        "overview": "천 년 동안 48명의 망자를 환생시킨 저승 삼차사, 한 명만 더 환생시키면 그들도 새로운 삶을 얻을 수 있다. 하지만 강림은 원귀였던 수홍을 자신들의 마지막 귀인으로 정한다. 저승법 상 원귀는 소멸되어야하나 염라대왕은 새로운 조건을 내걸며 강림의 제안을 수락한다. 염라의 조건은 성주신이 버티고 있어 저승 차사들이 가는 족족 실패하는 허춘삼 노인을 수홍의 재판이 끝나기 전까지 저승으로 데려오는 것. 허춘삼을 데리러 이승으로 내려간 해원맥과 덕춘, 하지만 성주신의 막강한 힘 앞에 속수무책으로 당하기만 하는데...",
        "tagline": "이승과 저승, 현재와 과거를 오가는 천 년의 비밀이 밝혀진다",
        "thumbnail": "/2ETx0U2Q5gUHtPJZiQ3hakTqyaR.jpg",
        "backdrop": "/ul4WiN9EJxsMokdg7z4Y6iisvHS.jpg",
        "release_date": "2018-08-01",
        "userRating": 5.0,
        "directors": [
            84969
        ],
        "actors": [
            73249,
            75913,
            118976,
            150125,
            181332,
            231476,
            566372,
            1004565,
            1020859,
            1024395,
            1096793,
            1128106,
            1171951,
            1203792,
            1254630,
            1299277,
            1351055,
            1470219,
            2034742,
            2097275,
            2141531,
            2524442,
            2796117
        ],
        "genres": [
            14,
            18,
            28
        ],
        "like_users": []
    }
},
{
    "model": "movies.movie",
    "pk": 6,
    "fields": {
        "movie_pk": 338729,
        "title": "뷰티 인사이드",
        "subtitle": "뷰티 인사이드",
        "overview": "자고 일어나면 다른 사람이 되는 남자가 있다. 매일 국적, 성별, 나이를 넘나드는 남자, 우진은 정체를 드러내지 않고 가구 디자이너로서 살아왔다. 그러던 어느 날, 가구 판매점에서 이수라는 여자를 만난 우진은 처음 사랑이라는 감정을 느낀다. 항상 다른 모습으로 그녀를 지켜보던 우진은 이수에게 데이트 신청을 한다. 설레는 첫 데이트 이후 그는 잠을 자지 않고 모습을 유지하기 위해 노력한다. 우진은 며칠간 보통 사람 같은 행복한 시간을 보내지만, 결국 잠이 들어 다른 모습으로 변해버리고 만다. 그녀 곁을 맴돌던 우진은 용기를 내어 비밀을 밝히는데...",
        "tagline": "사랑해, 오늘의 당신이 어떤 모습이든",
        "thumbnail": "/am6EX9djPcPeQMMBwn2mUfckeDF.jpg",
        "backdrop": "/cExU6XxZ91Dem3EeODLHZy0UiT5.jpg",
        "release_date": "2015-08-20",
        "userRating": 5.0,
        "directors": [
            1480986
        ],
        "actors": [
            21689,
            86330,
            115647,
            123766,
            123820,
            231476,
            240145,
            550683,
            573792,
            573794,
            587675,
            1141056,
            1156197,
            1238592,
            1263930,
            1294526,
            1299252,
            1299479,
            1330423,
            1347525,
            1350000,
            1372475,
            1418580,
            1425274,
            1532399,
            2288847,
            3068216
        ],
        "genres": [
            14,
            10749
        ],
        "like_users": []
    }
},
{
    "model": "movies.movie",
    "pk": 7,
    "fields": {
        "movie_pk": 581392,
        "title": "반도",
        "subtitle": "반도",
        "overview": "전대미문의 재난 이후 4년이 흐른 대한민국은 버려진 땅이 되어버렸다. 사람들은 고립된 섬이 된 반도에 갇혔고 누구의 생사도 확인할 수 없는 상황에서 정석은 피할 수 없는 미션을 받고 한국 땅에 다시 발을 들인다. 정석은 미지의 세계인 그곳에서 예상치 못한 습격을 받고 일촉즉발의 순간 ‘반도’의 생존자들을 만나게 된다.",
        "tagline": "다시 한 번 살아남아라",
        "thumbnail": "/cmzfmGxXxSF716SYBW6seMgxMWE.jpg",
        "backdrop": "/d2UxKyaJ5GgzuHaSsWinFfv3g6L.jpg",
        "release_date": "2020-07-15",
        "userRating": 5.0,
        "directors": [
            939147
        ],
        "actors": [
            83014,
            463583,
            554945,
            573792,
            1096458,
            1244822,
            1299244,
            1793046,
            1924149,
            1957562,
            2286091,
            2391355,
            2478781,
            2759502,
            2965857,
            2966797,
            2983578
        ],
        "genres": [
            27,
            28,
            53
        ],
        "like_users": []
    }
},
{
    "model": "movies.movie",
    "pk": 8,
    "fields": {
        "movie_pk": 40171,
        "title": "전우치",
        "subtitle": "전우치",
        "overview": "500년 전 조선시대. 전설의 피리 '만파식적'이 요괴 손에 넘어가 세상이 시끄럽자, 신선들은 당대 최고의 도인 천관대사와 화담에게 도움을 요청해 요괴를 봉인하고, '만파식적‘을 둘로 나눠 두 사람에게 각각 맡긴다. 한편, 천관대사의 망나니 제자 전우치가 둔갑술로 임금을 속여 한바탕 소동을 일으키자, 신선들은 화담과 함께 천관대사를 찾아간다. 그러나 천관대사는 누군가에게 살해당하고 피리 반쪽이 사라졌다! 범인으로 몰린 전우치는 신선들에 의해 자신의 개 초랭이와 함께 그림족자에 봉인된다. 요괴 잡는 도사도 어느덧 전설이 된 2009년 서울. 어찌된 일인지 과거 봉인된 요괴들이 하나 둘 다시 나타나 세상을 어지럽힌다. 이제는 신부, 중, 점쟁이로 제각각 은둔생활을 즐기던 신선들은 다시 모여 화담을 찾지만, 500년 전 수행을 이유로 잠적한 그는 생사조차 알 수 없다. 고심 끝에 신선들은 박물관 전시품이 된 그림족자를 찾아 전우치와 초랭이를 불러낸다. 요괴들을 잡아 오면 봉인에서 완전히 풀어주겠다는 제안에 마지 못해 요괴 사냥에 나선 전우치. 그러나 전우치는 요괴사냥은 뒷전인 채 달라진 세상구경에 바쁘고, 한 술 더 떠 과거 첫눈에 반한 여인과 똑같은 얼굴을 한 서인경을 만나 사랑놀음까지 시작한다. 전우치 때문에 골치를 앓는 신선들 앞에 때마침 화담이 나타나지만, 화담은 만파식적의 행방을 두고 전우치와 대적하는데…",
        "tagline": "전대미문의 영웅, 천방지축 악동 도사가 온다!",
        "thumbnail": "/48QvXMsVeNlEEL55jUixVnX09KS.jpg",
        "backdrop": "/fpZWYU5HfU3YiFlhNiTBfEJrTDB.jpg",
        "release_date": "2009-12-23",
        "userRating": 5.0,
        "directors": [
            119337
        ],
        "actors": [
            37939,
            37940,
            75912,
            83014,
            84996,
            88298,
            123818,
            123819,
            123820,
            123821,
            123822,
            123823,
            123824,
            123825,
            123826,
            127273,
            229752,
            240082,
            557743,
            945428,
            1140210,
            1296075,
            1299221,
            2133345
        ],
        "genres": [
            12,
            14,
            28,
            35
        ],
        "like_users": []
    }
},
{
    "model": "movies.movie",
    "pk": 9,
    "fields": {
        "movie_pk": 615643,
        "title": "미나리",
        "subtitle": "Minari",
        "overview": "낯선 미국에서 병아리를 감별하며 생계를 이어가던 제이콥과 모니카. 딸 앤과 아들 데이빗에게 아버지로서 뭔가 해내는 모습을 보여주고 싶은 제이콥은 아칸소로 이주해 자신의 농장을 가꾼다. 모니카는 낡은 컨테이너에서 생활하며 농장 일에만 몰두하는 제이콥이 못마땅하지만 그저 그의 결정을 지켜볼 뿐이다. 아칸소에서의 적적하고 고된 삶에 지친 모니카는 엄마 순자를 미국으로 모신다. 한약, 멸치, 미나리 씨 등을 잔뜩 챙겨온 순자는 여느 할머니와 달리 요리도 하지 않고 프로레슬링을 즐겨 본다. 앤과 데이빗은 그런 할머니가 낯설지만, 못된 장난까지 사랑으로 포용하는 할머니와 점점 가까워진다.",
        "tagline": "낯선 땅에 뿌리내린 희망",
        "thumbnail": "/dAgKlKOFlzHkrGhuqsgftrrh4F7.jpg",
        "backdrop": "/lrBErOaNFQ2XqixVJlzWwACgfaI.jpg",
        "release_date": "2020-12-11",
        "userRating": 5.0,
        "directors": [
            931952
        ],
        "actors": [
            883,
            87954,
            97391,
            126199,
            147085,
            215055,
            1057068,
            1080935,
            1203520,
            1486237,
            1500802,
            1622067,
            1944127,
            1949439,
            2341889,
            2476741,
            2476742,
            2527851,
            2618591,
            2736439,
            2852320,
            2924664,
            2924668
        ],
        "genres": [
            18
        ],
        "like_users": []
    }
},
{
    "model": "movies.movie",
    "pk": 10,
    "fields": {
        "movie_pk": 496243,
        "title": "기생충",
        "subtitle": "기생충",
        "overview": "전원 백수로 살 길 막막하지만 사이는 좋은 기택 가족. 장남 기우에게 명문대생 친구가 연결시켜 준 고액 과외 자리는 모처럼 싹튼 고정수입의 희망이다. 온 가족의 도움과 기대 속에 박 사장 집으로 향하는 기우. 글로벌 IT기업의 CEO인 박 사장의 저택에 도착하자 젊고 아름다운 사모님 연교와 가정부 문광이 기우를 맞이한다. 큰 문제 없이 박 사장의 딸 다혜의 과외를 시작한 기우. 그러나 이렇게 시작된 두 가족의 만남 뒤로, 걷잡을 수 없는 사건이 기다리고  있는데.....",
        "tagline": "행복은 나눌수록 커지잖아요",
        "thumbnail": "/v0nlHB0wDevL54Me9V9lB6QdPk2.jpg",
        "backdrop": "/TU9NIjwzjoKPwQHoHshkFcQUCG.jpg",
        "release_date": "2019-05-30",
        "userRating": 5.0,
        "directors": [
            21684
        ],
        "actors": [
            20738,
            115290,
            556435,
            1255881,
            1347525,
            1418762,
            1419705,
            1442583,
            1537955,
            1572354,
            1694435,
            1709230,
            1835700,
            1895563,
            2114604,
            2141187,
            2158882,
            2187912,
            2306987,
            2320125,
            2320126,
            2326615,
            2326809,
            2379047,
            2478772,
            2478774,
            2478775,
            2478777,
            2478778,
            2478779,
            2478780,
            2478781,
            2478782,
            2479219,
            2479225,
            2499966,
            2538180,
            2538209
        ],
        "genres": [
            18,
            35,
            53
        ],
        "like_users": []
    }
},
{
    "model": "movies.review",
    "pk": 1,
    "fields": {
        "user": 5,
        "movie": 1,
        "rating": 4,
        "content": "마음 아픈 스토리인거 같아",
        "created_at": "2021-04-26",
        "thumb_users": []
    }
},
{
    "model": "movies.review",
    "pk": 2,
    "fields": {
        "user": 4,
        "movie": 2,
        "rating": 5,
        "content": "백두산은 휴화산이다",
        "created_at": "2021-04-27",
        "thumb_users": []
    }
},
{
    "model": "movies.review",
    "pk": 3,
    "fields": {
        "user": 3,
        "movie": 3,
        "rating": 5,
        "content": "태리님의 연기는 진리",
        "created_at": "2021-04-27",
        "thumb_users": []
    }
},
{
    "model": "movies.review",
    "pk": 4,
    "fields": {
        "user": 2,
        "movie": 4,
        "rating": 5,
        "content": "도경수 연기 존잘",
        "created_at": "2021-04-29",
        "thumb_users": []
    }
},
{
    "model": "movies.review",
    "pk": 5,
    "fields": {
        "user": 1,
        "movie": 5,
        "rating": 5,
        "content": "웹툰으로 정주행해야겠다",
        "created_at": "2021-04-30",
        "thumb_users": []
    }
},
{
    "model": "movies.review",
    "pk": 6,
    "fields": {
        "user": 3,
        "movie": 6,
        "rating": 3,
        "content": "한효주 이쁘다",
        "created_at": "2021-05-01",
        "thumb_users": []
    }
},
{
    "model": "movies.review",
    "pk": 7,
    "fields": {
        "user": 5,
        "movie": 7,
        "rating": 2,
        "content": "스토리는 별로. 그러나 강동원 얼굴 존잼",
        "created_at": "2021-05-02",
        "thumb_users": []
    }
},
{
    "model": "movies.review",
    "pk": 8,
    "fields": {
        "user": 1,
        "movie": 8,
        "rating": 4,
        "content": "강동원 리즈 시절",
        "created_at": "2021-05-04",
        "thumb_users": []
    }
},
{
    "model": "movies.review",
    "pk": 9,
    "fields": {
        "user": 4,
        "movie": 9,
        "rating": 3,
        "content": "윤여정 선생님이 아카데미를 휩쓸었다",
        "created_at": "2021-05-06",
        "thumb_users": []
    }
},
{
    "model": "movies.review",
    "pk": 10,
    "fields": {
        "user": 2,
        "movie": 10,
        "rating": 2,
        "content": "채끝 짜파게티 해먹고 싶네",
        "created_at": "2021-05-10",
        "thumb_users": []
    }
},
{
    "model": "movies.review",
    "pk": 11,
    "fields": {
        "user": 1,
        "movie": 10,
        "rating": 3,
        "content": "감독과 배우의 조합이 좋다",
        "created_at": "2021-05-10",
        "thumb_users": []
    }
},
{
    "model": "movies.review",
    "pk": 12,
    "fields": {
        "user": 5,
        "movie": 10,
        "rating": 3,
        "content": "코로나만 아니었음 더 흥했을듯",
        "created_at": "2021-05-11",
        "thumb_users": []
    }
},
{
    "model": "movies.review",
    "pk": 13,
    "fields": {
        "user": 1,
        "movie": 8,
        "rating": 5,
        "content": "이때가 중딩이었다는 게 소름",
        "created_at": "2021-05-13",
        "thumb_users": []
    }
},
{
    "model": "movies.review",
    "pk": 14,
    "fields": {
        "user": 1,
        "movie": 2,
        "rating": 5,
        "content": "잘생긴 도둑이 제 맘을 훔쳐요",
        "created_at": "2021-05-15",
        "thumb_users": []
    }
},
{
    "model": "movies.review",
    "pk": 15,
    "fields": {
        "user": 2,
        "movie": 6,
        "rating": 4,
        "content": "마지막 장면 보고 여행 뿜뿌왔다",
        "created_at": "2021-05-15",
        "thumb_users": []
    }
},
{
    "model": "movies.review",
    "pk": 16,
    "fields": {
        "user": 4,
        "movie": 4,
        "rating": 3,
        "content": "진부한 스토리, CJ 감성임",
        "created_at": "2021-05-17",
        "thumb_users": []
    }
},
{
    "model": "movies.review",
    "pk": 17,
    "fields": {
        "user": 3,
        "movie": 3,
        "rating": 1,
        "content": "음... 넷플보다가 끔",
        "created_at": "2021-05-18",
        "thumb_users": []
    }
},
{
    "model": "movies.review",
    "pk": 18,
    "fields": {
        "user": 2,
        "movie": 4,
        "rating": 3,
        "content": "죄를 지으면 안되겠다",
        "created_at": "2021-05-22",
        "thumb_users": []
    }
},
{
    "model": "movies.review",
    "pk": 19,
    "fields": {
        "user": 3,
        "movie": 8,
        "rating": 5,
        "content": "강동원이 나라를 구한다",
        "created_at": "2021-05-22",
        "thumb_users": []
    }
},
{
    "model": "movies.review",
    "pk": 20,
    "fields": {
        "user": 4,
        "movie": 8,
        "rating": 3,
        "content": "봐도 봐도 (얼굴이) 안질리는 영화",
        "created_at": "2021-05-26",
        "thumb_users": []
    }
}
]
